modele,rendement_ann,vol_ann,sharpe,drawdown_max,turnover_moyen
naif,-0.08735507673060183,0.205714037104224,-0.4246432472974307,-0.675678614749955,0.7966269841269841
ridge,-0.0017181664882989852,0.19848079333869362,-0.008656588173582388,-0.3929214676310132,0.6842482363315696
catboost,0.013999280994760123,0.18078849319406237,0.07743457975355204,-0.3538678203725083,0.8576940035273367
mlp_seed0,-0.041274019057200136,0.1893574109513799,-0.21796886031462379,-0.42198784503135933,0.99592151675485
mlp_seed1,-0.03243135563221113,0.18189719304316704,-0.17829497580270337,-0.4167798173774161,0.9696869488536156
mlp_seed2,-0.04326212823870804,0.1839926410899968,-0.23512966596064636,-0.45645459538502453,1.0422729276895941
mlp_seed3,-0.04518659919029297,0.1875084833253991,-0.24098429249132636,-0.4045016858733992,0.9902998236331569
mlp_seed4,-0.04693750871182385,0.18834213883137488,-0.2492140580066769,-0.5059365502670807,1.0284942680776012
mlp,-0.03331501720724548,0.1902857436363116,-0.17507889225227322,-0.44889912934656817,0.9678681657848323
