modele,n_dates,ic_moyen,ic_std,icir,t_naif,rendement_ann,vol_ann,sharpe,drawdown_max,turnover_moyen
catboost,1620,0.04178526318201797,0.33076852886377156,0.12632780792524373,5.08459618744887,0.0139992809947601,0.1807884931940623,0.077434579753552,-0.3538678203725083,0.8576940035273367
mlp,1620,0.04408161223858822,0.36119943217421946,0.12204230768924929,4.9121081302339205,-0.0333150172072454,0.1902857436363116,-0.1750788922522732,-0.4488991293465681,0.9678681657848324
mlp_seed0,1620,0.04135822546569973,0.3598447165309099,0.11493353539942039,4.625985564854684,-0.0412740190572001,0.1893574109513799,-0.2179688603146237,-0.4219878450313593,0.99592151675485
mlp_seed1,1620,0.047214771315522854,0.3539537921700784,0.1333924720118147,5.368943431892805,-0.0324313556322111,0.181897193043167,-0.1782949758027033,-0.4167798173774161,0.9696869488536156
mlp_seed2,1620,0.03943193871649796,0.3479273363870722,0.11333383322496277,4.561598794349537,-0.043262128238708,0.1839926410899968,-0.2351296659606463,-0.4564545953850245,1.042272927689594
mlp_seed3,1620,0.04270223104189241,0.34510299765276103,0.12373764160941582,4.980344004254885,-0.0451865991902929,0.1875084833253991,-0.2409842924913263,-0.4045016858733992,0.9902998236331568
mlp_seed4,1620,0.04483832808551175,0.3503546929674362,0.12797981298820293,5.151088108607981,-0.0469375087118238,0.1883421388313748,-0.2492140580066769,-0.5059365502670807,1.0284942680776012
naif,1620,-0.0005924837727026031,0.3605490149649261,-0.0016432821838668437,-0.06614083204813027,-0.0873550767306018,0.205714037104224,-0.4246432472974307,-0.675678614749955,0.7966269841269841
ridge,1620,0.037121616863683954,0.3703202566287626,0.1002419289768896,4.03465981298456,-0.0017181664882989,0.1984807933386936,-0.0086565881735823,-0.3929214676310132,0.6842482363315696
